1790726481	91	3453.50		
1790726487	89	3453.50		
1790726492	90	3453.50		
1790726497	9	3453.50	7211MB	
1790726502	36	3536.50	7416MB	
1790726508	34	3536.50	7420MB	
1790726513	38	3536.50	7326MB	
1790726518	37	3536.50	7326MB	
1790726523	29	3536.50	7332MB	
1790726529	37	3536.50	7326MB	
1790726534	25	3536.50	7421MB	
1790726539	30	3528.50	7326MB	
1790726544	28	3528.50	7326MB	
1790726550	27	3528.50	7326MB	
1790726555	33	3528.50	7326MB	
1790726560	38	3528.50	7326MB	
1790726565	38	3528.50	7326MB	
1790726571	38	3528.50	7326MB	
1790726576	38	3528.50	7326MB	
1790726581	38	3528.50	7326MB	
1790726586	38	3528.50	7326MB	
1790726592	38	3528.50	7326MB	
1790726597	38	3528.50	7421MB	
1790726602	31	3528.50	7421MB	
1790726607	25	3528.50	7421MB	
1790726613	28	3352.00	7327MB	
1790726618	29	3352.00	7327MB	
1790726623	31	3344.00	7327MB	
1790726628	38	3344.00	7327MB	
1790726634	38	3344.00	7327MB	
1790726639	38	3344.00	7327MB	
1790726644	39	3344.00	7327MB	
1790726649	38	3344.00	7327MB	
1790726655	39	3344.00	7327MB	
1790726660	39	3344.00	7327MB	
1790726665	39	3344.00	7327MB	
1790726670	39	3344.00	7327MB	
1790726675	38	3344.00	7327MB	
1790726681	88	3344.00	177MB	
1790726686	30	3602.00	7398MB	
1790726691	36	3602.00	7414MB	
1790726696	23	3602.00	7330MB	
1790726702	37	3577.94	7417MB	
1790726707	28	3577.94	7418MB	
1790726712	30	3569.94	7330MB	
1790726717	31	3569.94	7323MB	
1790726723	25	3569.94	7323MB	
1790726728	32	3569.94	7323MB	
1790726733	38	3569.94	7323MB	
1790726739	38	3569.94	7323MB	
1790726744	38	3569.94	7323MB	
1790726749	38	3569.94	7323MB	
1790726754	38	3569.94	7323MB	
1790726760	38	3569.94	7323MB	
1790726765	38	3569.94	7323MB	
1790726770	38	3569.94	7323MB	
1790726775	38	3569.94	7323MB	
1790726781	38	3569.94	7323MB	
1790726786	31	3569.94	7418MB	
1790726791	31	3569.94	7418MB	
1790726796	32	3569.94	7418MB	
1790726802	31	3569.94	7418MB	
1790726807	29	3569.94	7324MB	
1790726812	32	3569.94	7324MB	
1790726817	26	3569.94	7324MB	
1790726823	26	3569.94	7324MB	
1790726828	26	3569.94	7324MB	
1790726833	32	3569.94	7324MB	
1790726838	31	3561.94	7324MB	
1790726844	31	3561.94	7324MB	
1790726849	38	3561.94	7324MB	
1790726854	38	3561.94	7324MB	
1790726859	38	3561.94	7324MB	
1790726865	38	3561.94	7324MB	
1790726870	38	3561.94	7324MB	
1790726875	39	3561.94	7324MB	
1790726880	38	3561.94	7324MB	
1790726886	39	3561.94	7324MB	
1790726891	38	3561.94	7324MB	
1790726896	39	3561.94	7324MB	
1790726901	39	3553.94	7324MB	
1790726907	38	3553.94	7324MB	
1790726912	38	3553.94	7324MB	
1790726917	39	3553.94	7324MB	
1790726922	39	3553.94	7324MB	
1790726928	38	3553.94	7324MB	
1790726933	38	3553.94	7324MB	
1790726938	39	3553.94	7324MB	
1790726943	38	3545.94	7447MB	
1790726949	25	3545.94	7446MB	
1790726954	26	3545.94	7446MB	
1790726959	27	3545.94	7446MB	
1790726964	26	3545.94	7352MB	
1790726970	25	3545.94	7352MB	
1790726975	31	3545.94	7352MB	
1790726980	27	3545.94	7352MB	
1790726985	34	3545.94	7352MB	
1790726991	39	3545.94	7352MB	
1790726996	39	3545.94	7352MB	
1790727001	38	3545.94	7352MB	
1790727006	39	3537.94	7352MB	
1790727012	39	3537.94	7352MB	
1790727017	39	3537.94	7352MB	
1790727022	39	3537.94	7352MB	
1790727027	39	3537.94	7352MB	
1790727033	39	3537.94	7352MB	
1790727038	39	3537.94	7352MB	
1790727043	39	3537.94	7352MB	
1790727048	39	3537.94	7352MB	
1790727053	38	3537.94	7352MB	
1790727059	25	3537.94	7359MB	
1790727064	30	3537.94	7352MB	
1790727069	39	3537.94	7352MB	
1790727074	39	3537.94	7352MB	
1790727080	39	3537.94	7447MB	
1790727085	39	3537.94	7353MB	
1790727090	41	3537.94	4120MB	
1790727095	36	3537.94	7397MB	
1790727101	36	3537.94	7414MB	
1790727106	25	3505.94	7417MB	
1790727111	33	3505.94	7323MB	
1790727116	38	3505.94	7323MB	
1790727122	38	3505.94	7323MB	
1790727127	26	3393.94	7418MB	
1790727132	31	3153.81	7323MB	
1790727138	38	2945.81	7323MB	
1790727143	38	2945.81	7323MB	
1790727148	27	2945.81	7418MB	
1790727153	33	2945.81	7323MB	
1790727159	39	2945.81	7323MB	
1790727164	39	2945.81	7323MB	
1790727169	31	2945.81	7418MB	
1790727174	38	2945.81	7419MB	
1790727180	33	2945.81	7324MB	
1790727185	39	2945.81	7324MB	
1790727190	30	2945.81	7330MB	
1790727195	88	2945.81	161MB	
1790727201	9	3197.44	7212MB	
1790727206	36	3197.44	7416MB	
1790727211	30	3197.44	7421MB	
1790727216	37	3197.44	7421MB	
1790727222	38	3197.44	7326MB	
1790727227	33	3197.44	7327MB	
1790727232	25	3189.44	7421MB	
1790727237	30	3189.44	7327MB	
1790727243	38	3189.44	7327MB	
1790727248	38	3189.44	7327MB	
1790727253	39	3189.44	7327MB	
1790727258	38	3165.44	7421MB	
1790727264	38	3165.44	7421MB	
1790727269	31	3165.44	7421MB	
1790727274	32	3165.44	7421MB	
1790727280	26	3165.44	7327MB	
1790727285	28	3165.44	7327MB	
1790727290	31	3165.44	7327MB	
1790727295	31	3165.44	7327MB	
1790727301	26	3165.44	7327MB	
1790727306	39	3165.44	7327MB	
1790727311	39	3165.44	7327MB	
1790727316	39	3165.44	7327MB	
1790727322	39	3165.44	7327MB	
1790727327	39	3165.44	7327MB	
1790727332	39	3165.44	7327MB	
1790727337	39	3165.44	7327MB	
1790727343	39	3165.44	7327MB	
1790727348	39	3165.44	7327MB	
1790727353	39	3165.44	7327MB	
1790727358	39	3165.44	7327MB	
1790727364	29	3165.44	7425MB	
1790727369	38	3165.44	7425MB	
1790727374	31	3165.44	7331MB	
1790727379	38	3165.44	7331MB	
1790727385	39	3165.44	7331MB	
1790727390	39	3165.44	7331MB	
1790727395	39	3165.44	7331MB	
1790727400	39	3165.44	7331MB	
1790727406	28	3165.44	7425MB	
1790727411	29	3165.44	7337MB	
1790727416	26	3165.44	7331MB	
1790727421	29	3165.44	7331MB	
1790727427	39	3165.44	7331MB	
1790727432	39	3165.44	7331MB	
1790727437	39	3165.44	7331MB	
1790727442	38	2981.44	7331MB	
1790727448	39	2981.44	7331MB	
1790727453	39	2981.44	7331MB	
1790727458	38	2981.44	7425MB	
1790727463	38	2981.44	7426MB	
1790727469	28	2981.44	7426MB	
1790727474	32	2981.44	7426MB	
1790727479	26	2981.44	7331MB	
1790727484	26	2981.44	7331MB	
1790727490	31	2981.44	7331MB	
1790727495	31	2981.44	7331MB	
1790727500	38	2981.44	7331MB	
1790727505	39	2981.44	7331MB	
1790727511	39	2981.44	7331MB	
1790727516	39	2981.44	7331MB	
1790727521	39	2981.44	7331MB	
1790727526	38	2981.44	7331MB	
1790727532	38	2981.44	7331MB	
1790727537	39	2981.44	7331MB	
1790727542	38	2981.44	7331MB	
1790727547	38	2981.44	7429MB	
1790727553	38	2981.44	7430MB	
1790727558	40	2981.44	7430MB	
1790727563	39	2981.44	7157MB	
1790727568	36	3314.00	7397MB	
1790727574	35	3314.00	7418MB	
1790727579	27	3314.00	7418MB	
1790727584	30	3314.00	7418MB	
1790727589	31	3314.00	7418MB	
1790727595	28	3314.00	7324MB	
1790727600	31	3314.00	7324MB	
1790727605	28	3314.00	7324MB	
1790727610	25	3314.00	7324MB	
1790727616	26	3314.00	7324MB	
1790727621	38	3314.00	7324MB	
1790727626	38	3314.00	7324MB	
1790727631	38	3314.00	7324MB	
1790727637	38	3306.00	7324MB	
1790727642	38	3298.00	7324MB	
1790727647	38	3298.00	7324MB	
1790727653	38	3298.00	7324MB	
1790727658	38	3298.00	7324MB	
1790727663	38	3298.00	7324MB	
1790727668	38	3298.00	7324MB	
1790727674	38	3298.00	7324MB	
1790727679	38	3290.00	7399MB	
1790727684	32	3290.00	7427MB	
1790727689	38	3290.00	7428MB	
1790727695	38	3290.00	7428MB	
1790727700	28	3290.00	7428MB	
1790727705	32	3290.00	7333MB	
1790727710	26	3290.00	7333MB	
1790727716	29	3290.00	7333MB	
1790727721	31	3290.00	7333MB	
1790727726	38	3290.00	7333MB	
1790727731	39	3290.00	7333MB	
1790727737	38	3290.00	7333MB	
1790727742	39	3282.00	7333MB	
1790727747	38	3274.00	7333MB	
1790727752	38	3234.00	7333MB	
1790727758	38	3210.00	7333MB	
1790727763	38	3194.00	7333MB	
1790727768	39	3194.00	7333MB	
1790727773	39	3194.00	7333MB	
1790727779	25	3194.00	7428MB	
1790727784	28	3194.00	7428MB	
1790727789	26	3186.00	7428MB	
1790727794	29	3178.00	7334MB	
1790727800	26	3178.00	7334MB	
1790727805	29	3170.00	7334MB	
1790727810	26	3170.00	7334MB	
1790727815	28	3170.00	7334MB	
1790727821	39	3145.94	7440MB	
1790727826	33	3145.94	7440MB	
1790727831	33	3113.94	7440MB	
1790727836	32	3113.94	7346MB	
1790727842	27	3113.94	7346MB	
1790727847	27	3113.94	7346MB	
1790727852	32	3113.94	7346MB	
1790727858	40	3113.94	7346MB	
1790727863	40	3113.94	7346MB	
1790727868	40	3113.94	7346MB	
1790727873	40	3113.94	7346MB	
1790727879	40	3113.94	7346MB	
1790727884	40	3113.94	7346MB	
1790727889	40	3113.94	7346MB	
1790727894	40	3113.94	7346MB	
1790727899	40	3113.94	7346MB	
1790727905	39	3113.94	7346MB	
1790727910	38	3097.94	7441MB	
1790727915	38	3097.94	7441MB	
1790727920	39	3097.94	7346MB	
1790727926	29	3097.94	7440MB	
1790727931	32	3097.94	7440MB	
1790727936	32	3097.94	7440MB	
1790727941	29	3097.94	7346MB	
1790727947	28	3097.94	7346MB	
1790727952	26	3097.94	7346MB	
1790727957	32	3097.94	7346MB	
1790727963	39	3081.94	7346MB	
1790727968	39	3081.94	7346MB	
1790727973	39	3081.94	7346MB	
1790727978	39	3081.94	7346MB	
1790727983	39	3081.94	7346MB	
1790727989	39	3081.94	7346MB	
1790727994	39	3081.94	7346MB	
1790727999	39	3081.94	7346MB	
1790728004	39	3081.94	7346MB	
1790728010	39	3081.94	7346MB	
1790728015	39	3081.94	7346MB	
1790728020	38	3081.94	7415MB	
1790728025	39	3081.94	7444MB	
1790728031	38	3081.94	7444MB	
1790728036	39	3081.94	7444MB	
