1790732801	91	2967.06		IDENTIFIER,val-exp-hub,
1790732806	89	2959.06		IDENTIFIER,val-exp-hub,
1790732811	90	2959.06		IDENTIFIER,val-exp-hub,
1790732816	17	3205.44	5293MB	IDENTIFIER,val-exp-hub,
1790732822	0	8664.31	7184MB	IDENTIFIER,val-exp-hub,
1790732832	23	10007.25	7390MB	IDENTIFIER,val-exp-hub,
1790732838	23	9967.25	7394MB	IDENTIFIER,val-exp-hub,
1790732843	27	9943.25	7299MB	IDENTIFIER,val-exp-hub,
1790732848	26	9935.25	7377MB	IDENTIFIER,val-exp-hub,
1790732854	27	9919.25	7394MB	IDENTIFIER,val-exp-hub,
1790732859	28	9919.25	7300MB	IDENTIFIER,val-exp-hub,
1790732864	20	9919.25	7394MB	IDENTIFIER,val-exp-hub,
1790732869	20	9919.25	7394MB	IDENTIFIER,val-exp-hub,
1790732875	21	9919.25	7300MB	IDENTIFIER,val-exp-hub,
1790732880	15	9919.25	7300MB	IDENTIFIER,val-exp-hub,
1790732885	21	9919.25	7300MB	IDENTIFIER,val-exp-hub,
1790732891	21	9919.25	7300MB	IDENTIFIER,val-exp-hub,
1790732896	28	9919.25	7300MB	IDENTIFIER,val-exp-hub,
1790732901	28	9919.25	7300MB	IDENTIFIER,val-exp-hub,
1790732906	28	9919.25	7300MB	IDENTIFIER,val-exp-hub,
1790732912	28	9895.12	7300MB	IDENTIFIER,val-exp-hub,
1790732917	28	9895.12	7300MB	IDENTIFIER,val-exp-hub,
1790732922	28	9887.12	7300MB	IDENTIFIER,val-exp-hub,
1790732927	28	9887.12	7300MB	IDENTIFIER,val-exp-hub,
1790732933	28	9887.12	7300MB	IDENTIFIER,val-exp-hub,
1790732938	28	9887.12	7300MB	IDENTIFIER,val-exp-hub,
1790732943	27	9887.12	7395MB	IDENTIFIER,val-exp-hub,
1790732948	21	9887.12	7395MB	IDENTIFIER,val-exp-hub,
1790732954	20	9887.12	7300MB	IDENTIFIER,val-exp-hub,
1790732959	20	9887.12	7300MB	IDENTIFIER,val-exp-hub,
1790732964	21	9887.12	7300MB	IDENTIFIER,val-exp-hub,
1790732970	28	9887.12	7300MB	IDENTIFIER,val-exp-hub,
1790732975	28	9887.12	7300MB	IDENTIFIER,val-exp-hub,
1790732980	28	9887.12	7300MB	IDENTIFIER,val-exp-hub,
1790732985	28	9887.12	7300MB	IDENTIFIER,val-exp-hub,
1790732991	28	9887.12	7300MB	IDENTIFIER,val-exp-hub,
1790732996	28	9887.12	7300MB	IDENTIFIER,val-exp-hub,
1790733001	27	9887.12	7394MB	IDENTIFIER,val-exp-hub,
1790733006	28	9887.12	7395MB	IDENTIFIER,val-exp-hub,
1790733012	29	9879.12	7246MB	IDENTIFIER,val-exp-hub,
1790733017	25	12643.62	7375MB	IDENTIFIER,val-exp-hub,
1790733023	30	12643.62	7391MB	IDENTIFIER,val-exp-hub,
1790733028	19	12643.62	7395MB	IDENTIFIER,val-exp-hub,
1790733033	32	12643.62	7395MB	IDENTIFIER,val-exp-hub,
1790733038	33	12643.62	7300MB	IDENTIFIER,val-exp-hub,
1790733044	26	12643.62	7307MB	IDENTIFIER,val-exp-hub,
1790733049	25	12635.62	7395MB	IDENTIFIER,val-exp-hub,
1790733054	23	12635.62	7301MB	IDENTIFIER,val-exp-hub,
1790733059	28	12635.62	7301MB	IDENTIFIER,val-exp-hub,
1790733065	33	12635.62	7301MB	IDENTIFIER,val-exp-hub,
1790733070	33	12635.62	7301MB	IDENTIFIER,val-exp-hub,
1790733075	33	12635.62	7301MB	IDENTIFIER,val-exp-hub,
1790733080	25	12635.62	7307MB	IDENTIFIER,val-exp-hub,
1790733086	32	12635.62	7396MB	IDENTIFIER,val-exp-hub,
1790733091	20	12635.62	7396MB	IDENTIFIER,val-exp-hub,
1790733096	20	12635.62	7301MB	IDENTIFIER,val-exp-hub,
1790733102	27	12635.62	7301MB	IDENTIFIER,val-exp-hub,
1790733107	26	12635.62	7301MB	IDENTIFIER,val-exp-hub,
1790733112	21	12635.62	7301MB	IDENTIFIER,val-exp-hub,
1790733117	33	12635.62	7301MB	IDENTIFIER,val-exp-hub,
1790733123	33	12635.62	7301MB	IDENTIFIER,val-exp-hub,
1790733128	33	12635.62	7301MB	IDENTIFIER,val-exp-hub,
1790733133	33	12635.62	7301MB	IDENTIFIER,val-exp-hub,
1790733138	33	12635.62	7301MB	IDENTIFIER,val-exp-hub,
1790733144	33	12635.62	7301MB	IDENTIFIER,val-exp-hub,
1790733149	33	12635.62	7301MB	IDENTIFIER,val-exp-hub,
1790733154	33	12635.62	7301MB	IDENTIFIER,val-exp-hub,
1790733159	33	12635.62	7301MB	IDENTIFIER,val-exp-hub,
1790733165	32	12635.62	7395MB	IDENTIFIER,val-exp-hub,
1790733170	32	12635.62	7396MB	IDENTIFIER,val-exp-hub,
1790733175	22	12635.62	7396MB	IDENTIFIER,val-exp-hub,
1790733180	24	12635.62	7301MB	IDENTIFIER,val-exp-hub,
1790733186	33	12635.62	7301MB	IDENTIFIER,val-exp-hub,
1790733191	33	12635.62	7301MB	IDENTIFIER,val-exp-hub,
1790733196	33	12635.62	7301MB	IDENTIFIER,val-exp-hub,
1790733201	33	12635.62	7301MB	IDENTIFIER,val-exp-hub,
1790733207	33	12635.62	7301MB	IDENTIFIER,val-exp-hub,
1790733212	33	12635.62	7301MB	IDENTIFIER,val-exp-hub,
1790733217	20	12635.62	7396MB	IDENTIFIER,val-exp-hub,
1790733222	26	12635.62	7301MB	IDENTIFIER,val-exp-hub,
1790733228	28	12635.62	7301MB	IDENTIFIER,val-exp-hub,
1790733233	33	12635.62	7301MB	IDENTIFIER,val-exp-hub,
1790733238	33	12635.62	7301MB	IDENTIFIER,val-exp-hub,
1790733243	33	12635.62	7301MB	IDENTIFIER,val-exp-hub,
1790733249	32	12635.62	7396MB	IDENTIFIER,val-exp-hub,
1790733254	32	12635.62	7396MB	IDENTIFIER,val-exp-hub,
1790733259	22	12635.62	7396MB	IDENTIFIER,val-exp-hub,
1790733265	26	12635.62	7396MB	IDENTIFIER,val-exp-hub,
1790733270	20	12635.62	7301MB	IDENTIFIER,val-exp-hub,
1790733275	26	12635.62	7301MB	IDENTIFIER,val-exp-hub,
1790733280	26	12635.62	7301MB	IDENTIFIER,val-exp-hub,
1790733286	22	12635.62	7301MB	IDENTIFIER,val-exp-hub,
1790733291	33	12635.62	7301MB	IDENTIFIER,val-exp-hub,
1790733296	33	12635.62	7301MB	IDENTIFIER,val-exp-hub,
1790733301	33	12635.62	7301MB	IDENTIFIER,val-exp-hub,
1790733307	33	12635.62	7301MB	IDENTIFIER,val-exp-hub,
1790733312	33	12635.62	7301MB	IDENTIFIER,val-exp-hub,
1790733317	33	12635.62	7301MB	IDENTIFIER,val-exp-hub,
1790733322	33	12635.62	7301MB	IDENTIFIER,val-exp-hub,
1790733328	33	12635.62	7301MB	IDENTIFIER,val-exp-hub,
1790733333	33	12635.62	7399MB	IDENTIFIER,val-exp-hub,
1790733338	33	12635.62	7304MB	IDENTIFIER,val-exp-hub,
1790733343	33	12635.62	7305MB	IDENTIFIER,val-exp-hub,
1790733349	83	12627.62	101MB	IDENTIFIER,val-exp-hub,
1790733354	15	14108.50	7210MB	IDENTIFIER,val-exp-hub,
1790733359	33	14108.50	7414MB	IDENTIFIER,val-exp-hub,
1790733364	33	14108.50	7325MB	IDENTIFIER,val-exp-hub,
1790733370	28	14108.50	7419MB	IDENTIFIER,val-exp-hub,
1790733375	28	14108.50	7325MB	IDENTIFIER,val-exp-hub,
1790733380	23	14108.50	7325MB	IDENTIFIER,val-exp-hub,
1790733386	23	14108.50	7325MB	IDENTIFIER,val-exp-hub,
1790733391	35	14108.50	7420MB	IDENTIFIER,val-exp-hub,
1790733396	24	14108.50	7420MB	IDENTIFIER,val-exp-hub,
1790733401	29	14108.50	7326MB	IDENTIFIER,val-exp-hub,
1790733407	29	14108.50	7326MB	IDENTIFIER,val-exp-hub,
1790733412	25	14108.50	7326MB	IDENTIFIER,val-exp-hub,
1790733417	36	14108.50	7326MB	IDENTIFIER,val-exp-hub,
1790733422	36	14108.50	7326MB	IDENTIFIER,val-exp-hub,
1790733428	36	14108.50	7326MB	IDENTIFIER,val-exp-hub,
1790733433	36	14108.50	7326MB	IDENTIFIER,val-exp-hub,
1790733438	36	14108.50	7326MB	IDENTIFIER,val-exp-hub,
1790733444	36	14108.50	7326MB	IDENTIFIER,val-exp-hub,
1790733449	35	14108.50	7428MB	IDENTIFIER,val-exp-hub,
1790733454	29	14108.50	7456MB	IDENTIFIER,val-exp-hub,
1790733459	25	14108.50	7362MB	IDENTIFIER,val-exp-hub,
1790733465	27	14108.50	7362MB	IDENTIFIER,val-exp-hub,
1790733470	29	14108.50	7362MB	IDENTIFIER,val-exp-hub,
1790733475	35	14108.50	7457MB	IDENTIFIER,val-exp-hub,
1790733480	36	14108.50	7457MB	IDENTIFIER,val-exp-hub,
1790733486	36	14108.50	7362MB	IDENTIFIER,val-exp-hub,
1790733491	85	14108.50	5105KB	IDENTIFIER,val-exp-hub,
1790733496	15	14108.50	7212MB	IDENTIFIER,val-exp-hub,
1790733502	34	14521.06	7417MB	IDENTIFIER,val-exp-hub,
1790733507	34	14521.06	7392MB	IDENTIFIER,val-exp-hub,
1790733512	29	14513.06	7422MB	IDENTIFIER,val-exp-hub,
1790733518	26	14513.06	7422MB	IDENTIFIER,val-exp-hub,
1790733523	24	14513.06	7327MB	IDENTIFIER,val-exp-hub,
1790733528	30	14513.06	7327MB	IDENTIFIER,val-exp-hub,
1790733533	24	14513.06	7327MB	IDENTIFIER,val-exp-hub,
1790733539	27	14513.06	7327MB	IDENTIFIER,val-exp-hub,
1790733544	30	14513.06	7327MB	IDENTIFIER,val-exp-hub,
1790733549	36	14513.06	7327MB	IDENTIFIER,val-exp-hub,
1790733554	37	14513.06	7327MB	IDENTIFIER,val-exp-hub,
1790733560	36	14513.06	7327MB	IDENTIFIER,val-exp-hub,
1790733565	37	14513.06	7327MB	IDENTIFIER,val-exp-hub,
1790733570	37	14513.06	7327MB	IDENTIFIER,val-exp-hub,
1790733576	37	14513.06	7327MB	IDENTIFIER,val-exp-hub,
1790733581	36	14513.06	7327MB	IDENTIFIER,val-exp-hub,
1790733586	37	14513.06	7327MB	IDENTIFIER,val-exp-hub,
1790733591	37	14513.06	7327MB	IDENTIFIER,val-exp-hub,
1790733597	36	14513.06	7327MB	IDENTIFIER,val-exp-hub,
1790733602	37	14513.06	7327MB	IDENTIFIER,val-exp-hub,
1790733607	36	14513.06	7402MB	IDENTIFIER,val-exp-hub,
1790733612	36	14513.06	7336MB	IDENTIFIER,val-exp-hub,
1790733618	24	14513.06	7342MB	IDENTIFIER,val-exp-hub,
1790733623	37	14513.06	7336MB	IDENTIFIER,val-exp-hub,
1790733628	36	14513.06	7431MB	IDENTIFIER,val-exp-hub,
1790733633	36	14513.06	7431MB	IDENTIFIER,val-exp-hub,
1790733639	37	14513.06	7431MB	IDENTIFIER,val-exp-hub,
1790733644	36	14513.06	7431MB	IDENTIFIER,val-exp-hub,
1790733649	28	14513.06	7343MB	IDENTIFIER,val-exp-hub,
1790733654	36	14513.06	7391MB	IDENTIFIER,val-exp-hub,
1790733660	24	14513.06	7431MB	IDENTIFIER,val-exp-hub,
1790733665	24	14513.06	7337MB	IDENTIFIER,val-exp-hub,
1790733670	29	14513.06	7337MB	IDENTIFIER,val-exp-hub,
1790733676	32	14513.06	7337MB	IDENTIFIER,val-exp-hub,
1790733681	30	14513.06	7442MB	IDENTIFIER,val-exp-hub,
1790733686	26	14513.06	7347MB	IDENTIFIER,val-exp-hub,
1790733691	37	14513.06	7347MB	IDENTIFIER,val-exp-hub,
1790733697	37	14513.06	7347MB	IDENTIFIER,val-exp-hub,
1790733702	36	14513.06	7442MB	IDENTIFIER,val-exp-hub,
1790733707	25	14513.06	7348MB	IDENTIFIER,val-exp-hub,
1790733712	37	14513.06	7348MB	IDENTIFIER,val-exp-hub,
1790733718	37	14513.06	7348MB	IDENTIFIER,val-exp-hub,
1790733723	38	14497.06	7442MB	IDENTIFIER,val-exp-hub,
