1790725226	88	2153.81		
1790725231	86	2145.81		
1790725236	87	2145.81		
1790725241	19	2145.81	7208MB	
1790725247	35	3010.25	7392MB	
1790725252	35	3010.25	7300MB	
1790725257	37	3010.25	7301MB	
1790725263	36	3010.25	7396MB	
1790725268	37	3010.25	7396MB	
1790725273	37	3010.25	7301MB	
1790725278	36	3002.25	7301MB	
1790725284	29	3002.25	7396MB	
1790725289	25	3002.25	7302MB	
1790725294	27	3002.25	7302MB	
1790725299	24	3002.25	7302MB	
1790725305	29	3002.25	7302MB	
1790725310	37	3002.25	7302MB	
1790725315	37	3002.25	7302MB	
1790725320	37	3002.25	7302MB	
1790725326	37	3002.25	7302MB	
1790725331	38	3002.25	7302MB	
1790725336	37	3002.25	7302MB	
1790725341	38	3002.25	7302MB	
1790725347	38	3002.25	7302MB	
1790725352	38	3002.25	7396MB	
1790725357	31	3002.25	7396MB	
1790725362	30	3002.25	7302MB	
1790725368	27	3002.25	7302MB	
1790725373	28	3002.25	7302MB	
1790725378	31	3002.25	7302MB	
1790725383	37	3002.25	7302MB	
1790725389	38	3002.25	7302MB	
1790725394	38	3002.25	7302MB	
1790725399	38	3002.25	7302MB	
1790725404	38	3002.25	7302MB	
1790725409	37	3002.25	7302MB	
1790725415	38	3002.25	7302MB	
1790725420	38	2994.25	7302MB	
1790725425	38	2994.25	7302MB	
1790725430	37	2994.25	7412MB	
1790725436	38	2994.25	7412MB	
