1790745133	92	2744.69		IDENTIFIER,val-exp-hub,
1790745138	91	2744.69		IDENTIFIER,val-exp-hub,
1790745143	90	2744.69		
1790745148	41	2744.69	7158MB	
1790745154	35	2736.69	7397MB	
1790745159	35	2736.69	7418MB	
1790745164	32	2736.69	7323MB	
1790745169	37	2736.69	7417MB	
1790745175	38	2736.69	7323MB	
1790745180	38	2736.69	7323MB	
1790745185	38	2736.69	7323MB	
1790745190	25	2736.69	7418MB	
1790745196	30	2736.69	7418MB	
1790745201	31	2736.69	7323MB	
1790745206	31	2736.69	7323MB	
1790745211	25	2736.69	7323MB	
1790745217	32	2736.69	7323MB	
1790745222	38	2736.69	7323MB	
1790745227	38	2736.69	7323MB	
1790745232	38	2736.69	7323MB	
1790745238	38	2736.69	7323MB	
1790745243	39	2736.69	7323MB	
1790745248	39	2736.69	7323MB	
1790745253	39	2736.69	7323MB	
1790745259	38	2736.69	7323MB	
1790745264	39	2736.69	7323MB	
1790745269	39	2736.69	7323MB	
1790745274	27	2736.69	7418MB	
1790745280	26	2736.69	7418MB	
1790745285	32	2736.69	7324MB	
1790745290	28	2720.69	7324MB	
1790745295	26	2720.69	7324MB	
1790745301	38	2720.69	7324MB	
1790745306	39	2720.69	7324MB	
1790745311	39	2720.69	7324MB	
1790745316	38	2720.69	7324MB	
1790745321	38	2720.69	7324MB	
1790745327	39	2720.69	7324MB	
1790745332	39	2720.69	7324MB	
1790745337	39	2720.69	7324MB	
1790745342	30	2720.69	7331MB	
1790745348	88	2720.69		IDENTIFIER,val-exp-hub,
1790745353	89	2720.69		IDENTIFIER,val-exp-hub,
1790745358	40	2720.69	7247MB	
1790745363	34	2760.75	7397MB	
1790745369	34	2760.75	7418MB	
1790745374	29	2760.75	7323MB	
1790745379	37	2760.75	7418MB	
1790745384	38	2760.75	7324MB	IDENTIFIER,val-exp-hub,
1790745390	6	4106.75	7305MB	IDENTIFIER,val-exp-hub,
1790745395	19	5515.31	7393MB	IDENTIFIER,val-exp-hub,
1790745401	15	7086.81	7298MB	IDENTIFIER,val-exp-hub,
1790745406	22	6473.06	7298MB	IDENTIFIER,val-exp-hub,
1790745411	28	5293.81	7298MB	IDENTIFIER,val-exp-hub,
1790745417	18	4973.81	7298MB	IDENTIFIER,val-exp-hub,
1790745422	10	4698.00	7307MB	IDENTIFIER,val-exp-hub,
1790745427	25	5681.31	7299MB	
1790745433	30	5473.31	7394MB	
1790745438	35	5401.31	7394MB	
1790745443	35	5369.31	7300MB	
1790745448	29	5321.31	7300MB	
1790745454	32	5169.31	7300MB	
1790745459	42	5161.31	7300MB	
1790745464	42	5153.31	7300MB	
1790745469	42	5145.31	7300MB	
1790745475	42	5129.31	7300MB	
1790745480	42	5113.31	7300MB	
1790745485	42	5105.31	7300MB	
1790745490	42	5105.31	7300MB	
1790745496	42	5105.31	7300MB	
1790745501	42	5017.25	7395MB	
1790745506	42	5009.25	7395MB	
1790745511	29	5001.25	7395MB	
1790745517	36	5001.25	7301MB	
1790745522	43	5001.25	7301MB	
1790745527	43	5001.25	7301MB	
1790745532	42	4993.25	7301MB	
1790745538	43	4977.25	7301MB	
1790745543	32	4977.25	7395MB	
1790745548	35	4969.25	7395MB	
1790745553	36	4969.25	7301MB	
1790745559	35	4969.25	7301MB	
1790745564	42	4961.25	7301MB	
1790745569	42	4921.25	7301MB	
1790745574	43	4921.25	7301MB	
1790745579	42	4921.25	7301MB	
1790745585	43	4897.25	7301MB	
1790745590	37	4865.25	7301MB	
1790745595	42	4865.25	7367MB	
1790745600	30	4857.25	7395MB	
1790745606	32	4849.25	7395MB	
1790745611	32	4849.25	7301MB	
1790745616	30	4849.25	7301MB	
1790745621	32	4849.25	7301MB	
1790745627	36	4849.25	7301MB	
1790745632	42	4849.25	7301MB	
1790745637	42	4849.25	7301MB	
1790745642	42	4801.25	7301MB	
1790745648	42	4801.25	7301MB	
1790745653	42	4801.25	7301MB	
1790745658	42	4801.25	7301MB	
1790745663	42	4801.25	7301MB	
1790745669	42	4785.25	7301MB	
1790745674	42	4785.25	7301MB	
1790745679	29	4785.25	7400MB	
1790745684	41	4785.25	7400MB	
1790745690	42	4785.25	7305MB	
1790745695	93	4625.19		IDENTIFIER,val-exp-hub,
