1790724949	93	948.31		
1790724955	91	948.31		
1790724960	91	948.31		
1790724965	37	948.31	64-bitFootprint:	
1790724970	29	2201.81	64-bitFootprint:	
1790724976	29	2201.81	64-bitFootprint:	
1790724981	29	2201.81	64-bitFootprint:	
1790724986	35	2193.81	64-bitFootprint:	
1790724991	35	2193.81	64-bitFootprint:	
1790724997	34	2193.81	64-bitFootprint:	
1790725002	35	2193.81	64-bitFootprint:	
1790725007	35	2185.81	64-bitFootprint:	
1790725012	28	2185.81	64-bitFootprint:	
1790725018	25	2185.81	64-bitFootprint:	
1790725023	25	2185.81	64-bitFootprint:	
1790725028	22	2185.81	64-bitFootprint:	
1790725033	30	2185.81	64-bitFootprint:	
1790725039	35	2177.81	64-bitFootprint:	
1790725044	35	2169.81	64-bitFootprint:	
1790725049	36	2169.81	64-bitFootprint:	
1790725054	36	2169.81	64-bitFootprint:	
1790725060	36	2161.81	64-bitFootprint:	
1790725065	36	2161.81	64-bitFootprint:	
1790725070	35	2161.81	64-bitFootprint:	
1790725075	35	2161.81	64-bitFootprint:	
1790725081	28	2161.81	64-bitFootprint:	
1790725086	26	2161.81	64-bitFootprint:	
1790725091	29	2161.81	64-bitFootprint:	
1790725096	23	2161.81	64-bitFootprint:	
1790725102	35	2161.81	64-bitFootprint:	
1790725107	36	2161.81	64-bitFootprint:	
1790725112	36	2161.81	64-bitFootprint:	
1790725117	36	2161.81	64-bitFootprint:	
1790725123	36	2161.81	64-bitFootprint:	
1790725128	36	2161.81	64-bitFootprint:	
1790725133	36	2153.81	64-bitFootprint:	
1790725138	35	2153.81	64-bitFootprint:	
1790725144	36	2153.81	64-bitFootprint:	
1790725149	88	2153.81		
