1790709483	91	1371.19
1790709488	89	1371.19
1790709493	74	1371.19
1790709498	62	1371.19
1790709503	70	1371.19
1790709508	62	1371.19
1790709513	65	1371.19
1790709518	55	1371.19
1790709523	61	1371.19
1790709528	88	1371.19
1790709533	76	1371.19
1790709538	48	1371.19
1790709543	75	1371.19
1790709548	78	1371.19
1790709553	76	1371.19
1790709558	83	1371.19
1790709563	88	1371.19
1790709568	88	1371.19
1790709573	88	1371.19
1790709578	88	1371.19
1790709583	88	1371.19
1790709588	88	1371.19
1790709593	88	1371.19
1790709598	88	1371.19
1790709603	61	1371.19
1790709608	54	1371.19
1790709613	51	1371.19
1790709618	78	1371.19
1790709623	76	1371.19
1790709628	81	1371.19
1790709633	81	1371.19
1790709638	76	1371.19
1790709643	75	1371.19
1790709648	83	1371.19
1790709653	88	1371.19
1790709658	88	1371.19
1790709663	88	1371.19
1790709668	88	1371.19
1790709673	88	1371.19
1790709678	88	1371.19
1790709683	88	1371.19
1790709688	88	1371.19
1790709693	88	1371.19
1790709698	88	1371.19
1790709703	88	1371.19
1790709708	87	1371.19
1790709713	88	1371.19
1790709718	88	1371.19
1790709724	89	1371.19
1790709729	61	1371.19
1790709734	88	1371.19
1790709739	67	1371.19
1790709744	62	1371.19
1790709749	89	1371.19
1790709754	62	1371.19
1790709759	62	1371.19
1790709764	50	1371.19
1790709769	80	1371.19
1790709774	89	1371.19
1790709779	89	1371.19
1790709784	89	1371.19
1790709789	61	1371.19
1790709794	62	1371.19
1790709799	51	1371.19
1790709804	80	1355.19
1790709809	82	1355.19
1790709814	79	1355.19
1790709819	89	1355.19
1790709824	89	1355.19
1790709829	89	1355.19
1790709834	89	1355.19
1790709839	89	1355.19
1790709844	88	1355.19
1790709849	89	1355.19
1790709854	89	1355.19
1790709859	62	1355.19
1790709864	62	1355.19
1790709869	51	1355.19
1790709874	76	1355.19
1790709879	78	1355.19
1790709884	89	1355.19
1790709889	89	1355.19
1790709894	89	1355.19
1790709899	89	1355.19
1790709904	89	1355.19
1790709909	89	1355.19
1790709914	89	1355.19
1790709919	65	1355.19
1790709924	61	1355.19
1790709929	89	1355.19
1790709934	65	1355.19
1790709939	79	1355.19
1790709944	89	1355.19
1790709949	90	1355.19
1790709954	64	1355.19
1790709959	62	1355.19
1790709964	54	1355.19
1790709969	76	1355.19
1790709974	89	1355.19
1790709980	89	1355.19
1790709985	89	1355.19
1790709990	88	1355.19
1790709995	61	1355.19
1790710000	54	1355.19
1790710005	82	1355.19
1790710010	89	1355.19
1790710015	89	1355.19
1790710020	88	1355.19
1790710025	89	1355.19
1790710030	62	1355.19
1790710035	49	1355.19
1790710040	76	1355.19
1790710045	89	1355.19
1790710050	89	1355.19
1790710055	89	1355.19
1790710060	89	1355.19
1790710065	65	1355.19
1790710070	61	1355.19
1790710075	61	1355.19
1790710080	83	1355.19
1790710085	89	1355.19
1790710090	75	1355.19
1790710095	76	1355.19
1790710100	62	1355.19
1790710105	67	1355.19
1790710110	62	1355.19
1790710115	89	1355.19
1790710120	79	1355.19
1790710125	62	1355.19
1790710130	61	1355.19
1790710135	49	1355.19
1790710140	88	1355.19
1790710145	89	1355.19
1790710150	49	1355.19
1790710155	89	1355.19
1790710160	82	1355.19
1790710165	48	1355.19
1790710170	79	1355.19
1790710175	79	1355.19
1790710180	76	1355.19
1790710185	89	1355.19
1790710190	89	1355.19
1790710195	89	1355.19
1790710200	89	1355.19
1790710205	89	1355.19
1790710210	89	1355.19
1790710215	89	1355.19
1790710220	60	1355.19
1790710226	78	1355.19
1790710231	89	1355.19
1790710236	62	1355.19
1790710241	62	1355.19
1790710246	55	1355.19
1790710251	79	1355.19
1790710256	89	1355.19
1790710261	89	1355.19
1790710266	89	1355.19
1790710271	62	1355.19
1790710276	81	1355.19
1790710281	65	1355.19
1790710286	62	1355.19
1790710291	76	1355.19
1790710296	89	1355.19
1790710301	89	1355.19
1790710306	89	1355.19
1790710311	70	1355.19
1790710316	62	1355.19
1790710321	89	1355.19
1790710326	61	1355.19
1790710331	62	1355.19
1790710336	52	1355.19
1790710341	78	1355.19
1790710346	81	1355.19
1790710351	81	1355.19
1790710356	77	1355.19
1790710361	89	1355.19
1790710366	88	1355.19
1790710371	88	1355.19
1790710376	89	1355.19
1790710381	89	1355.19
1790710386	89	1355.19
1790710391	89	1355.19
1790710396	89	1355.19
1790710401	89	1355.19
1790710406	89	1355.19
1790710411	62	1355.19
1790710416	89	1355.19
1790710421	89	1355.19
1790710426	76	1355.19
1790710431	62	1355.19
1790710436	89	1355.19
1790710441	90	1355.19
1790710446	61	1355.19
1790710451	60	1355.19
1790710456	62	1355.19
1790710461	48	1355.19
1790710466	82	1355.19
1790710471	83	1355.19
1790710476	89	1355.19
1790710481	89	1355.19
1790710486	88	1355.19
1790710491	89	1355.19
1790710496	89	1355.19
1790710501	89	1355.19
1790710506	62	1355.19
1790710512	61	1355.19
1790710517	62	1355.19
1790710522	55	1355.19
1790710527	89	1355.19
1790710532	62	1355.19
1790710537	54	1355.19
1790710542	78	1355.19
1790710547	88	1355.19
1790710552	89	1355.19
1790710557	89	1355.19
1790710562	89	1355.19
1790710567	76	1355.19
1790710572	60	1355.19
1790710577	62	1355.19
1790710582	51	1355.19
1790710587	79	1355.19
1790710592	77	1355.19
1790710597	89	1355.19
1790710602	89	1355.19
1790710607	88	1355.19
1790710612	89	1355.19
1790710617	89	1355.19
1790710622	89	1355.19
1790710627	61	1355.19
1790710632	61	1355.19
1790710637	62	1355.19
1790710642	62	1355.19
1790710647	62	1355.19
1790710652	62	1355.19
1790710657	55	1355.19
1790710662	76	1355.19
1790710667	89	1355.19
1790710672	89	1355.19
1790710677	89	1355.19
1790710682	79	1355.19
1790710687	73	1355.19
1790710692	62	1355.19
1790710697	71	1355.19
1790710702	61	1355.19
1790710707	52	1355.19
1790710712	76	1355.19
