1790907967	93	1628.12		IDENTIFIER,val-exp-hub,
1790907973	93	1628.12		IDENTIFIER,val-exp-hub,
1790907978	92	1628.12		
1790907983	92	1628.12	160MB	
1790907988	31	1628.12	7210MB	
1790907994	36	1709.25	7422MB	
1790907999	35	1709.25	7433MB	
1790908004	36	1709.25	7338MB	
1790908009	27	1709.25	7433MB	
1790908015	32	1709.25	7433MB	
1790908020	33	1709.25	7434MB	
1790908025	26	1709.25	7434MB	
1790908030	37	1709.25	7340MB	
1790908036	37	1709.25	7418MB	
1790908041	37	1709.25	7434MB	
1790908046	25	1709.25	7481MB	
1790908051	28	1709.25	7386MB	
1790908057	25	1709.25	7386MB	
1790908062	38	1709.25	7386MB	
1790908067	38	1709.25	7386MB	
1790908072	38	1709.25	7386MB	
1790908078	38	1709.25	7386MB	
1790908083	38	1709.25	7386MB	
1790908088	37	1709.25	7485MB	
1790908093	30	1709.25	7390MB	
1790908099	25	1709.25	7485MB	
1790908104	39	1709.25	7485MB	
