1790898624	92	3168.12		IDENTIFIER,val-exp-hub,
1790898629	91	3160.12		IDENTIFIER,val-exp-hub,
1790898635	90	3160.12		
1790898640	41	3160.12	7245MB	
1790898645	36	3160.12	7396MB	
1790898650	36	3160.12	7425MB	
1790898656	36	3160.12	7340MB	
1790898661	31	3160.12	7428MB	
1790898666	31	3160.12	7428MB	
1790898671	27	3160.12	7334MB	
1790898677	38	3160.12	7334MB	
1790898682	30	3160.12	7335MB	
1790898687	38	3160.12	7401MB	
1790898692	38	3160.12	7429MB	
1790898698	32	3152.12	7475MB	
1790898703	31	3088.06	7388MB	
1790898708	33	3088.06	7381MB	
1790898713	33	3088.06	7381MB	
1790898719	40	3088.06	7381MB	
1790898724	40	3088.06	7381MB	
1790898729	40	3088.06	7381MB	
1790898734	40	3080.06	7381MB	
1790898740	40	3080.06	7381MB	
1790898745	40	3080.06	7478MB	
1790898750	39	3080.06	7390MB	
1790898755	40	3080.06	7384MB	
1790898761	33	3072.06	7478MB	
1790898766	41	2840.06	7478MB	
1790898771	90	2832.06		IDENTIFIER,val-exp-hub,
1790898776	91	2969.50	100MB	
1790898782	10	2969.50	7210MB	
1790898787	37	2969.50	7421MB	
1790898792	37	2969.50	7415MB	
1790898797	34	2969.50	7337MB	
1790898803	39	2969.50	7432MB	
1790898808	28	2969.50	7432MB	
1790898813	39	2969.50	7337MB	
1790898818	39	2969.50	7337MB	
1790898824	39	2969.50	7337MB	
1790898829	26	2969.50	7432MB	
1790898834	31	2969.50	7432MB	
1790898839	39	2969.50	7440MB	
1790898845	38	2969.50	7440MB	
1790898850	39	2969.50	7345MB	
1790898855	34	2969.50	7345MB	
1790898860	92	2961.50		IDENTIFIER,val-exp-hub,
