1790898132	92	3231.50		IDENTIFIER,val-exp-hub,
1790898137	90	3231.50		IDENTIFIER,val-exp-hub,
1790898142	91	3231.50		
1790898147	41	3231.50	7158MB	
1790898153	33	3223.50	7399MB	
1790898158	33	3223.50	7429MB	
1790898163	33	3223.50	7337MB	
1790898169	30	3223.50	7432MB	
1790898174	30	3223.50	7433MB	
1790898179	30	3223.50	7338MB	
1790898184	37	3223.50	7433MB	
1790898190	38	3223.50	7338MB	
1790898195	37	3223.50	7338MB	
1790898200	37	3223.50	7433MB	
1790898205	25	3223.50	7479MB	
1790898211	31	3223.50	7384MB	
1790898216	25	3223.50	7384MB	
1790898221	31	3223.50	7384MB	
1790898227	38	3223.50	7384MB	
1790898232	38	3223.50	7384MB	
1790898237	38	3223.50	7384MB	
1790898242	38	3223.50	7384MB	
1790898248	38	3223.50	7384MB	
1790898253	31	3223.50	7479MB	
1790898258	38	3223.50	7391MB	
1790898263	30	3223.50	7391MB	
1790898269	90	3223.50		
