1790991503	91	4370.00
1790991508	79	4370.00
1790991513	82	4370.00
1790991518	91	4370.00
1790991523	66	4370.00
1790991528	66	4370.00
1790991533	91	4370.00
1790991538	65	4370.00
1790991543	65	4370.00
1790991548	65	4370.00
1790991553	65	4370.00
1790991558	64	4370.00
1790991563	64	4370.00
1790991568	77	4370.00
1790991573	64	4274.00
1790991952	75	8213.31
1790991957	89	8213.31
1790991962	75	8213.31
1790991967	60	8213.31
1790991972	81	8213.31
1790991977	83	4365.50
1790991982	83	4331.31
1790991987	81	4299.38
1790991992	59	4275.38
1790991997	61	4267.38
1790992002	61	4259.38
1790992007	61	4259.38
1790992012	61	4259.38
1790992017	82	4251.38
1790992022	61	4251.38
1790992027	61	4251.38
1790992032	79	4251.38
1790992037	61	4251.38
1790992042	61	4251.38
1790992047	80	4251.38
1790992052	61	4251.38
1790992057	61	4251.38
1790992062	61	4251.38
1790992067	61	4251.38
1790992072	61	4243.38
1790992077	82	4243.38
