1790991287	91	4378.00
1790991292	83	4378.00
1790991297	80	4378.00
1790991302	91	4378.00
1790991307	66	4378.00
1790991312	66	4378.00
1790991317	82	4378.00
1790991322	65	4378.00
1790991327	65	4378.00
1790991332	64	4378.00
1790991337	64	4370.00
1790991342	91	4370.00
1790991347	63	4370.00
1790991352	63	4370.00
1790991357	91	4370.00
1790991362	63	4370.00
1790991367	63	4370.00
1790991372	83	4370.00
1790991377	82	4370.00
1790991382	83	4370.00
1790991387	63	4370.00
1790991392	91	4370.00
1790991397	80	4370.00
1790991402	81	4370.00
1790991407	77	4370.00
1790991412	63	4370.00
1790991417	63	4370.00
1790991423	91	4370.00
1790991428	80	4370.00
1790991433	81	4370.00
1790991438	78	4370.00
1790991443	63	4370.00
1790991448	80	4370.00
1790991453	83	4370.00
1790991458	82	4370.00
1790991463	63	4370.00
1790991468	63	4370.00
1790991473	83	4370.00
1790991478	82	4370.00
1790991483	83	4370.00
1790991488	63	4370.00
1790991493	63	4370.00
1790991498	91	4370.00
