1790990617	91	5022.12
1790990622	78	5022.12
1790990627	65	5022.12
1790990632	65	5022.12
1790990637	64	5022.12
1790990642	90	5022.12
1790990647	63	4958.12
1790990652	70	4958.12
1790990657	63	4958.12
1790990662	87	4942.12
1790990667	88	4942.12
1790990672	39	4934.12
1790990677	34	5222.00
1790990682	35	5214.00
1790990687	88	5214.00
1790990692	88	5214.00
1790990697	74	5265.00
1790990702	69	5193.00
1790990707	64	5153.00
1790990712	80	5137.00
1790990717	76	5073.00
1790990722	63	4952.94
1790990727	88	4808.94
1790990733	89	4760.94
