1790986593	45	2257.06
1790986598	39	2257.06
1790986603	48	2257.06
1790986608	39	2257.06
1790986613	39	2257.06
1790986618	64	2257.06
1790986623	51	2257.06
1790986628	39	2257.06
1790986633	38	2257.06
1790986638	64	2257.06
1790986643	51	2257.06
1790986648	38	2257.06
1790986653	38	2257.06
1790986658	65	2257.06
1790986664	50	2257.06
1790986669	45	2257.06
1790986674	37	2257.06
1790986679	64	2257.06
1790986684	63	2257.06
1790986689	63	2257.06
1790986694	12	6144.69
1790986700	3	10821.75
1790986705	16	11218.19
1790986710	17	11218.19
1790986715	76	11202.19
1790986720	76	11202.19
1790986725	65	11186.19
1790986730	52	11186.19
1790986735	51	11186.19
1790986740	65	11186.19
1790986745	66	11186.19
1790986750	51	11186.19
1790986755	51	11186.19
1790986760	77	11186.19
