1790990330	89	4109.38
1790990335	79	4109.38
1790990340	75	4109.38
1790990345	64	4109.38
1790990350	64	4109.38
1790990355	84	4109.38
1790990360	75	4109.38
1790990365	64	4109.38
1790990370	89	4109.38
1790990375	76	4109.38
1790990380	63	4109.38
1790990385	63	4109.38
1790990390	89	4109.38
1790990395	77	4109.38
1790990400	67	4109.38
1790990405	63	4109.38
1790990410	88	4109.38
1790990415	88	4101.38
1790990420	39	4093.38
1790990425	29	4698.62
1790990430	34	4698.62
1790990435	34	4690.62
1790990440	87	4690.62
1790990445	75	4682.62
1790990450	76	4666.62
