1791075767	90	8251.75	3.3	1.4	32.3	LM:0.0 LM:0.0 node:0.0 
1791075768	90	8251.75	3.3	1.4	32.3	LM:0.0 LM:0.0 node:0.0 
1791075769	90	8251.75	3.3	1.4	32.3	LM:0.0 LM:0.0 node:0.0 
1791075770	90	8251.75	3.3	1.4	32.3	LM:0.0 LM:0.0 node:0.0 
1791075771	90	8251.75	3.3	1.4	32.3	LM:0.0 LM:0.0 node:0.0 
1791075772	90	8251.75	3.3	1.4	32.3	LM:0.0 LM:0.0 node:0.0 
1791075773	90	8251.75	3.3	1.4	32.3	LM:0.0 LM:0.0 node:0.0 
1791075774	90	8251.75	3.4	1.4	32.3	LM:0.0 LM:0.0 node:0.0 llama-server:0.1 
1791075775	55	8243.75	21.2	1.4	15.1	LM:0.0 LM:0.0 node:0.0 llama-server:17.5 
1791075776	40	8243.75	28.8	1.4	15.1	LM:0.0 LM:0.0 node:0.0 llama-server:24.3 
1791075777	40	8243.75	28.8	1.4	15.1	LM:0.0 LM:0.0 node:0.0 llama-server:24.3 
1791075779	40	8243.75	28.8	1.4	15.1	LM:0.0 LM:0.0 node:0.0 llama-server:24.3 
1791075780	39	8243.75	29.1	1.4	15.0	LM:0.0 LM:0.0 node:0.0 llama-server:24.3 
1791075781	39	8235.75	29.1	1.4	14.9	LM:0.0 LM:0.0 node:0.0 llama-server:24.3 
1791075782	40	8235.75	29.0	1.4	14.9	LM:0.0 LM:0.0 node:0.0 llama-server:24.3 
1791075783	40	8235.75	29.0	1.4	14.9	LM:0.0 LM:0.0 node:0.0 llama-server:24.3 
1791075784	40	8235.75	29.1	1.4	14.9	LM:0.0 LM:0.0 node:0.0 llama-server:24.3 
1791075785	39	8227.75	29.5	1.3	14.4	LM:0.0 LM:0.0 node:0.0 llama-server:24.3 
1791075786	40	8219.75	29.2	1.3	14.4	LM:0.0 LM:0.0 node:0.0 llama-server:24.3 
1791075787	40	8211.75	29.1	1.3	14.4	LM:0.0 LM:0.0 node:0.0 llama-server:24.3 
1791075788	40	8203.75	29.0	1.3	14.4	LM:0.0 LM:0.0 node:0.0 llama-server:24.3 
1791075789	39	8147.75	29.4	1.3	14.1	LM:0.0 LM:0.0 node:0.0 llama-server:24.3 
1791075790	39	8139.75	29.4	1.3	13.8	LM:0.0 LM:0.0 node:0.0 llama-server:24.3 
1791075791	39	8139.75	29.2	1.3	13.7	LM:0.0 LM:0.0 node:0.0 llama-server:24.3 
1791075792	90	8139.75	3.7	1.3	30.9	LM:0.0 LM:0.0 node:0.0 node:0.2 
1791075793	90	8139.75	3.6	1.3	31.0	LM:0.0 LM:0.0 node:0.0 node:0.3 
1791075794	90	8139.75	3.6	1.3	31.5	LM:0.0 LM:0.0 node:0.0 node:1.1 
1791075795	90	8139.75	3.7	1.3	26.5	LM:0.0 LM:0.0 node:0.0 node:12.8 
1791075796	90	8139.75	3.7	1.3	26.5	LM:0.0 LM:0.0 node:0.0 node:12.7 
1791075798	76	8139.75	10.4	1.3	25.6	LM:0.0 LM:0.0 node:0.0 node:12.7 
1791075799	75	8131.75	10.9	1.3	25.5	LM:0.0 LM:0.0 node:0.0 node:12.7 
1791075800	77	8131.75	10.3	1.3	25.4	LM:0.0 LM:0.0 node:0.0 node:12.7 
1791075801	78	8131.75	9.7	1.3	25.4	LM:0.0 LM:0.0 node:0.0 node:12.7 
1791075802	76	8131.75	10.7	1.3	25.4	LM:0.0 LM:0.0 node:0.0 node:12.7 
1791075803	77	8131.75	10.2	1.3	25.4	LM:0.0 LM:0.0 node:0.0 node:12.7 
1791075804	77	8131.75	10.2	1.3	25.3	LM:0.0 LM:0.0 node:0.0 node:12.7 
1791075805	65	8131.75	16.2	1.3	25.3	LM:0.0 LM:0.0 node:0.0 node:12.7 
1791075806	65	8131.75	16.4	1.3	25.3	LM:0.0 LM:0.0 node:0.0 node:12.7 
1791075807	65	8131.75	16.4	1.3	25.3	LM:0.0 LM:0.0 node:0.0 node:12.7 
1791075808	65	8131.75	16.4	1.3	25.3	LM:0.0 LM:0.0 node:0.0 node:12.7 
1791075809	65	8131.75	16.4	1.3	25.3	LM:0.0 LM:0.0 node:0.0 node:12.7 
1791075810	65	8131.75	16.5	1.3	25.3	LM:0.0 LM:0.0 node:0.0 node:12.7 
1791075811	65	8131.75	16.5	1.3	25.3	LM:0.0 LM:0.0 node:0.0 node:12.7 
1791075812	64	8131.75	16.5	1.3	25.3	LM:0.0 LM:0.0 node:0.0 node:12.7 
1791075814	64	8131.75	16.5	1.3	25.4	LM:0.0 LM:0.0 node:0.0 node:12.7 
1791075815	64	8131.75	16.5	1.3	25.4	LM:0.0 LM:0.0 node:0.0 node:12.7 
1791075816	64	8131.75	16.5	1.3	25.4	LM:0.0 LM:0.0 node:0.0 node:12.7 
1791075817	64	8131.75	16.5	1.3	25.4	LM:0.0 LM:0.0 node:0.0 node:12.7 
1791075818	63	8131.75	17.4	1.3	25.0	LM:0.0 LM:0.0 node:0.0 node:12.7 
1791075819	77	8131.75	10.0	1.3	25.0	LM:0.0 LM:0.0 node:0.0 node:12.7 
1791075820	75	8131.75	11.0	1.3	24.9	LM:0.0 LM:0.0 node:0.0 node:12.7 
1791075821	77	8131.75	10.3	1.3	25.0	LM:0.0 LM:0.0 node:0.0 node:12.7 
1791075822	78	8131.75	9.9	1.3	25.0	LM:0.0 LM:0.0 node:0.0 node:12.7 
1791075823	77	8131.75	10.3	1.3	25.0	LM:0.0 LM:0.0 node:0.0 node:12.7 
1791075824	77	8131.75	9.8	1.3	25.0	LM:0.0 LM:0.0 node:0.0 node:12.7 
1791075825	73	8131.75	12.1	1.3	25.0	LM:0.0 LM:0.0 node:0.0 node:12.7 
1791075826	64	8131.75	16.6	1.3	25.0	LM:0.0 LM:0.0 node:0.0 node:12.7 
1791075827	64	8131.75	16.6	1.3	25.0	LM:0.0 LM:0.0 node:0.0 node:12.7 
1791075828	64	8131.75	16.6	1.3	25.0	LM:0.0 LM:0.0 node:0.0 node:12.7 
1791075830	64	8131.75	16.8	1.3	25.0	LM:0.0 LM:0.0 node:0.0 node:12.7 
1791075831	64	8131.75	16.5	1.3	25.0	LM:0.0 LM:0.0 node:0.0 node:12.7 
1791075832	64	8131.75	16.6	1.3	25.0	LM:0.0 LM:0.0 node:0.0 node:12.7 
1791075833	64	8131.75	16.6	1.3	25.0	LM:0.0 LM:0.0 node:0.0 node:12.7 
1791075834	64	8131.75	16.7	1.3	25.0	LM:0.0 LM:0.0 node:0.0 node:12.7 
1791075835	64	8131.75	16.6	1.3	25.0	LM:0.0 LM:0.0 node:0.0 node:12.7 
1791075836	64	8131.75	16.6	1.3	25.0	LM:0.0 LM:0.0 node:0.0 node:12.7 
1791075837	90	8123.75	3.7	1.3	25.0	LM:0.0 LM:0.0 node:0.0 llama-server:0.2 
1791075838	90	8075.75	3.6	1.3	26.0	LM:0.0 LM:0.0 node:0.0 llama-server:11.1 
1791075839	90	8067.75	3.6	1.3	28.3	LM:0.0 LM:0.0 node:0.0 llama-server:13.4 
1791075840	89	8059.75	4.0	1.3	30.7	LM:0.0 LM:0.0 node:0.0 llama-server:15.6 
1791075841	41	8051.75	28.5	1.3	14.3	LM:0.0 LM:0.0 node:0.0 llama-server:24.1 
1791075842	39	8051.75	29.4	1.3	13.4	LM:0.0 LM:0.0 node:0.0 llama-server:24.2 
1791075843	39	8051.75	29.3	1.3	13.4	LM:0.0 LM:0.0 node:0.0 llama-server:24.2 
1791075844	39	8051.75	29.3	1.3	13.4	LM:0.0 LM:0.0 node:0.0 llama-server:24.2 
1791075845	39	8051.75	29.3	1.3	13.4	LM:0.0 LM:0.0 node:0.0 llama-server:24.2 
1791075846	40	8051.75	29.1	1.3	13.4	LM:0.0 LM:0.0 node:0.0 llama-server:24.2 
1791075847	40	8051.75	29.1	1.3	13.4	LM:0.0 LM:0.0 node:0.0 llama-server:24.2 
1791075849	40	8051.75	29.1	1.3	13.4	LM:0.0 LM:0.0 node:0.0 llama-server:24.2 
1791075850	40	8051.75	29.1	1.3	13.4	LM:0.0 LM:0.0 node:0.0 llama-server:24.2 
1791075851	40	8051.75	29.1	1.3	13.4	LM:0.0 LM:0.0 node:0.0 llama-server:24.2 
1791075852	40	8051.75	29.1	1.3	13.4	LM:0.0 LM:0.0 node:0.0 llama-server:24.2 
1791075853	90	8051.75	3.6	1.3	30.6	LM:0.0 LM:0.0 node:0.0 node:0.1 
1791075854	90	8051.75	3.6	1.3	30.7	LM:0.0 LM:0.0 node:0.0 node:0.3 
1791075855	89	8051.75	3.8	1.3	30.7	LM:0.0 LM:0.0 node:0.0 node:0.4 
1791075856	89	8043.75	4.0	1.3	29.7	LM:0.0 LM:0.0 node:0.0 node:10.1 
1791075857	89	8043.75	3.9	1.3	25.9	LM:0.0 LM:0.0 node:0.0 node:12.7 
1791075858	78	8043.75	9.7	1.3	25.0	LM:0.0 LM:0.0 node:0.0 node:12.7 
1791075859	76	8043.75	10.7	1.3	24.9	LM:0.0 LM:0.0 node:0.0 node:12.7 
1791075860	75	8043.75	11.2	1.3	24.9	LM:0.0 LM:0.0 node:0.0 node:12.7 
1791075861	77	8043.75	10.8	1.3	24.8	LM:0.0 LM:0.0 node:0.0 node:12.7 
1791075862	76	8043.75	10.5	1.3	24.8	LM:0.0 LM:0.0 node:0.0 node:12.7 
1791075863	77	8043.75	10.1	1.3	24.7	LM:0.0 LM:0.0 node:0.0 node:12.7 
1791075864	76	8035.75	10.6	1.3	24.6	LM:0.0 LM:0.0 node:0.0 node:12.7 
1791075866	72	8035.75	13.5	1.3	24.6	LM:0.0 LM:0.0 node:0.0 node:12.7 
1791075867	64	8035.75	16.4	1.3	24.6	LM:0.0 LM:0.0 node:0.0 node:12.7 
1791075868	64	8035.75	16.5	1.3	24.6	LM:0.0 LM:0.0 node:0.0 node:12.7 
1791075869	64	8035.75	16.8	1.3	24.6	LM:0.0 LM:0.0 node:0.0 node:12.7 
1791075870	64	8035.75	16.7	1.3	24.6	LM:0.0 LM:0.0 node:0.0 node:12.7 
1791075871	64	8035.75	16.5	1.3	24.6	LM:0.0 LM:0.0 node:0.0 node:12.7 
1791075872	64	8035.75	16.5	1.3	24.6	LM:0.0 LM:0.0 node:0.0 node:12.7 
1791075873	64	8035.75	16.6	1.3	24.6	LM:0.0 LM:0.0 node:0.0 node:12.7 
1791075874	64	8035.75	16.7	1.3	24.6	LM:0.0 LM:0.0 node:0.0 node:12.7 
1791075875	64	8035.75	16.6	1.3	24.6	LM:0.0 LM:0.0 node:0.0 node:12.7 
1791075876	64	8035.75	16.5	1.3	24.6	LM:0.0 LM:0.0 node:0.0 node:12.7 
1791075877	64	8035.75	16.7	1.3	24.6	LM:0.0 LM:0.0 node:0.0 node:12.7 
1791075878	64	8035.75	16.9	1.3	24.6	LM:0.0 LM:0.0 node:0.0 node:12.7 
1791075879	64	8035.75	16.6	1.3	24.6	LM:0.0 LM:0.0 node:0.0 node:12.7 
1791075880	64	8035.75	16.9	1.3	24.6	LM:0.0 LM:0.0 node:0.0 node:12.7 
1791075882	64	8035.75	16.8	1.3	24.6	LM:0.0 LM:0.0 node:0.0 node:12.7 
1791075883	64	8035.75	16.7	1.3	24.6	LM:0.0 LM:0.0 node:0.0 node:12.7 
1791075884	64	8035.75	16.6	1.3	24.6	LM:0.0 LM:0.0 node:0.0 node:12.7 
1791075885	90	8035.75	3.7	1.3	24.6	LM:0.0 LM:0.0 node:0.0 llama-server:5.8 
1791075886	90	8035.75	3.7	1.3	26.8	LM:0.0 LM:0.0 node:0.0 llama-server:11.9 
1791075887	90	8035.75	3.7	1.3	29.1	LM:0.0 LM:0.0 node:0.0 llama-server:14.2 
1791075888	89	8035.75	3.8	1.3	31.6	LM:0.0 LM:0.0 node:0.0 llama-server:16.5 
1791075889	40	8035.75	29.1	1.2	12.9	LM:0.0 LM:0.0 node:0.0 llama-server:24.2 
1791075890	39	8035.75	29.3	1.2	12.8	LM:0.0 LM:0.0 node:0.0 llama-server:24.2 
1791075891	40	8035.75	29.2	1.2	12.8	LM:0.0 LM:0.0 node:0.0 llama-server:24.2 
1791075892	39	8035.75	29.2	1.2	12.8	LM:0.0 LM:0.0 node:0.0 llama-server:24.2 
1791075893	39	8035.75	29.2	1.2	12.8	LM:0.0 LM:0.0 node:0.0 llama-server:24.2 
1791075894	40	8035.75	29.1	1.2	12.8	LM:0.0 LM:0.0 node:0.0 llama-server:24.2 
1791075895	40	8035.75	29.2	1.2	12.8	LM:0.0 LM:0.0 node:0.0 llama-server:24.3 
1791075896	39	8035.75	29.2	1.2	12.8	LM:0.0 LM:0.0 node:0.0 llama-server:24.3 
1791075897	39	8035.75	29.3	1.2	12.8	LM:0.0 LM:0.0 node:0.0 llama-server:24.3 
1791075898	39	8035.75	29.3	1.2	12.7	LM:0.0 LM:0.0 node:0.0 llama-server:24.3 
1791075899	39	8035.75	29.3	1.2	12.7	LM:0.0 LM:0.0 node:0.0 llama-server:24.3 
1791075900	39	8035.75	29.4	1.2	12.7	LM:0.0 LM:0.0 node:0.0 llama-server:24.3 
1791075902	39	8035.75	29.2	1.2	12.7	LM:0.0 LM:0.0 node:0.0 llama-server:24.3 
1791075903	88	8035.75	4.6	1.2	29.7	LM:0.0 LM:0.0 node:0.0 
1791075904	88	8035.75	4.6	1.2	32.3	LM:0.0 LM:0.0 node:0.0 
1791075905	88	8035.75	4.6	1.2	34.8	LM:0.0 LM:0.0 node:0.0 
1791075906	88	8035.75	4.5	1.2	37.3	LM:0.0 LM:0.0 node:0.0 
1791075907	88	8035.75	4.5	1.2	37.5	LM:0.0 LM:0.0 node:0.0 
1791075908	88	8035.75	4.6	1.2	37.5	LM:0.0 LM:0.0 node:0.0 
1791075909	88	8035.75	4.6	1.2	37.5	LM:0.0 LM:0.0 node:0.0 
1791075910	88	8035.75	4.6	1.2	37.3	LM:0.0 LM:0.0 node:0.0 llama-server:0.2 
1791075911	39	8036.06	29.6	1.2	12.4	LM:0.0 LM:0.0 node:0.0 llama-server:23.8 
1791075912	39	8036.06	29.5	1.2	12.3	LM:0.0 LM:0.0 node:0.0 llama-server:23.8 python:0.1 
1791075913	39	8036.06	29.6	1.2	9.8	LM:0.0 LM:0.0 node:0.0 llama-server:23.8 python:2.5 
1791075914	32	8036.06	33.0	1.2	8.2	LM:0.0 LM:0.0 node:0.0 llama-server:23.8 python:3.3 python:0.0 
1791075915	8	8057.50	41.0	5.1	1.4	LM:0.0 LM:0.0 node:0.0 llama-server:23.6 python:1.4 python:0.0 
1791075917	28	8407.56	32.3	4.2	1.3	LM:0.0 LM:0.0 node:0.0 llama-server:23.8 python:0.5 python:0.0 
1791075918	33	8407.56	29.4	4.1	1.4	LM:0.0 LM:0.0 node:0.0 llama-server:23.8 python:0.5 python:0.0 
1791075919	33	8407.56	29.4	4.1	1.4	LM:0.0 LM:0.0 node:0.0 llama-server:23.8 python:0.5 python:0.0 
1791075920	33	8407.56	29.4	4.1	1.5	LM:0.0 LM:0.0 node:0.0 llama-server:23.8 python:0.5 python:0.0 
1791075921	34	8407.56	29.4	4.1	1.5	LM:0.0 LM:0.0 node:0.0 llama-server:23.8 python:0.5 python:0.0 
1791075922	34	8407.56	29.4	4.0	1.5	LM:0.0 LM:0.0 node:0.0 llama-server:23.8 python:0.5 python:0.0 
1791075923	34	8407.56	29.5	4.0	1.5	LM:0.0 LM:0.0 node:0.0 llama-server:23.8 python:0.5 python:0.0 
1791075924	34	8407.56	29.5	4.0	1.5	LM:0.0 LM:0.0 node:0.0 llama-server:23.8 python:0.5 python:0.0 
1791075925	34	8407.56	29.4	4.0	1.6	LM:0.0 LM:0.0 node:0.0 llama-server:23.9 python:0.5 python:0.0 
1791075926	34	8407.56	29.5	4.0	1.6	LM:0.0 LM:0.0 node:0.0 llama-server:23.9 python:0.5 python:0.0 
1791075927	87	8407.56	3.6	2.9	18.4	LM:0.0 LM:0.0 node:0.0 llama-server:0.0 
1791075928	87	8407.56	3.7	2.8	18.8	LM:0.0 LM:0.0 node:0.0 llama-server:0.5 
1791075929	87	8407.56	3.6	2.8	21.2	LM:0.0 LM:0.0 node:0.0 llama-server:2.8 
1791075930	87	8407.56	3.6	2.8	23.4	LM:0.0 LM:0.0 node:0.0 llama-server:4.9 
1791075931	87	8407.56	3.6	2.8	25.6	LM:0.0 LM:0.0 node:0.0 llama-server:7.0 
1791075932	87	8407.56	3.6	2.8	27.7	LM:0.0 LM:0.0 node:0.0 llama-server:9.0 
1791075933	87	8407.56	3.6	2.8	29.9	LM:0.0 LM:0.0 node:0.0 llama-server:11.2 
1791075934	87	8407.56	3.7	2.8	32.2	LM:0.0 LM:0.0 node:0.0 llama-server:13.3 
1791075935	87	8407.56	3.6	2.8	34.5	LM:0.0 LM:0.0 node:0.0 llama-server:15.6 
1791075936	37	8407.56	29.2	2.7	16.7	LM:0.0 LM:0.0 node:0.0 llama-server:24.0 
1791075938	37	8407.56	29.2	2.7	16.7	LM:0.0 LM:0.0 node:0.0 llama-server:24.1 
1791075939	37	8407.56	29.1	2.7	16.6	LM:0.0 LM:0.0 node:0.0 llama-server:24.1 
1791075940	37	8407.56	29.1	2.7	16.6	LM:0.0 LM:0.0 node:0.0 llama-server:24.1 
1791075941	37	8407.56	29.0	2.7	16.6	LM:0.0 LM:0.0 node:0.0 llama-server:24.1 
1791075942	37	8407.56	29.0	2.7	16.6	LM:0.0 LM:0.0 node:0.0 llama-server:24.1 
1791075943	37	8407.56	29.0	2.7	16.6	LM:0.0 LM:0.0 node:0.0 llama-server:24.1 
1791075944	37	8407.56	29.1	2.7	16.6	LM:0.0 LM:0.0 node:0.0 llama-server:24.1 
1791075945	37	8407.56	29.0	2.7	16.6	LM:0.0 LM:0.0 node:0.0 llama-server:24.1 
1791075946	37	8407.56	29.0	2.6	16.6	LM:0.0 LM:0.0 node:0.0 llama-server:24.1 
1791075947	37	8407.56	29.0	2.6	16.6	LM:0.0 LM:0.0 node:0.0 llama-server:24.1 
1791075948	37	8407.56	29.0	2.6	16.6	LM:0.0 LM:0.0 node:0.0 llama-server:24.1 
1791075949	37	8407.56	29.1	2.6	16.6	LM:0.0 LM:0.0 node:0.0 llama-server:24.1 
1791075950	37	8407.56	28.9	2.6	16.6	LM:0.0 LM:0.0 node:0.0 llama-server:24.1 
1791075951	87	8407.56	3.6	2.6	34.0	LM:0.0 LM:0.0 node:0.0 node:0.2 
1791075952	87	8407.56	3.6	2.6	34.1	LM:0.0 LM:0.0 node:0.0 node:0.3 
1791075953	87	8407.56	3.6	2.6	34.2	LM:0.0 LM:0.0 node:0.0 node:0.5 
1791075954	87	8407.56	3.6	2.6	37.6	LM:0.0 LM:0.0 node:0.0 node:3.8 
1791075955	87	8407.56	3.6	2.6	34.0	LM:0.0 LM:0.0 node:0.0 node:8.4 
1791075957	87	8407.56	3.6	2.6	29.6	LM:0.0 LM:0.0 node:0.0 node:12.5 
1791075958	87	8407.56	3.6	2.5	29.1	LM:0.0 LM:0.0 node:0.0 node:12.7 
1791075959	87	8407.56	3.7	2.5	29.2	LM:0.0 LM:0.0 node:0.0 llama-server:0.2 
1791075960	87	8407.56	3.6	2.5	30.2	LM:0.0 LM:0.0 node:0.0 llama-server:16.4 
1791075961	37	8407.56	29.0	2.5	13.7	LM:0.0 LM:0.0 node:0.0 llama-server:24.2 
1791075962	37	8407.56	29.0	2.5	13.7	LM:0.0 LM:0.0 node:0.0 llama-server:24.3 
1791075963	37	8407.56	29.1	2.5	13.7	LM:0.0 LM:0.0 node:0.0 llama-server:24.3 
1791075964	37	8407.56	29.0	2.5	13.7	LM:0.0 LM:0.0 node:0.0 llama-server:24.3 
1791075965	37	8407.56	29.1	2.5	13.7	LM:0.0 LM:0.0 node:0.0 llama-server:24.3 
1791075966	38	8407.56	28.9	2.5	13.7	LM:0.0 LM:0.0 node:0.0 llama-server:24.3 
1791075967	37	8407.56	29.1	2.5	13.7	LM:0.0 LM:0.0 node:0.0 llama-server:24.3 
1791075968	37	8407.56	29.1	2.5	13.7	LM:0.0 LM:0.0 node:0.0 llama-server:24.3 
1791075969	37	8407.56	29.1	2.5	13.7	LM:0.0 LM:0.0 node:0.0 llama-server:24.3 
1791075970	37	8407.56	29.1	2.5	13.7	LM:0.0 LM:0.0 node:0.0 llama-server:24.3 
1791075971	38	8407.56	29.0	2.4	13.7	LM:0.0 LM:0.0 node:0.0 llama-server:24.3 
1791075972	38	8407.56	29.0	2.4	13.7	LM:0.0 LM:0.0 node:0.0 llama-server:24.3 
1791075973	37	8407.56	29.0	2.4	13.7	LM:0.0 LM:0.0 node:0.0 llama-server:24.3 
1791075974	88	8407.56	3.5	2.3	30.9	LM:0.0 LM:0.0 node:0.0 
1791075975	88	8407.56	3.6	2.3	31.0	LM:0.0 LM:0.0 node:0.0 
1791075977	88	8407.56	3.7	2.3	31.0	LM:0.0 LM:0.0 node:0.0 
