1791075377	88	7788.00	3.3	2.3	31.3	LM:0.0 LM:0.0 node:0.0 
1791075379	88	7788.00	3.3	2.3	31.3	LM:0.0 LM:0.0 node:0.0 
1791075380	88	7788.00	3.3	2.3	31.4	LM:0.0 LM:0.0 node:0.0 node:0.2 
1791075381	88	7788.00	3.3	2.3	31.4	LM:0.0 LM:0.0 node:0.0 node:0.4 
1791075382	89	7788.00	3.3	2.2	27.5	LM:0.0 LM:0.0 node:0.0 node:12.5 
1791075383	88	7788.00	3.3	2.2	27.2	LM:0.0 LM:0.0 node:0.0 node:12.7 
1791075384	77	7788.00	9.1	2.2	26.3	LM:0.0 LM:0.0 node:0.0 node:12.7 
1791075385	76	7788.00	9.4	2.2	26.2	LM:0.0 LM:0.0 node:0.0 node:12.7 
1791075386	75	7788.00	10.3	2.2	26.1	LM:0.0 LM:0.0 node:0.0 node:12.7 
1791075387	76	7788.00	9.7	2.2	26.1	LM:0.0 LM:0.0 node:0.0 node:12.7 
1791075388	74	7788.00	10.7	2.2	26.0	LM:0.0 LM:0.0 node:0.0 node:12.7 
1791075389	77	7788.00	9.1	2.2	26.0	LM:0.0 LM:0.0 node:0.0 node:12.7 
1791075390	77	7788.00	9.4	2.2	26.0	LM:0.0 LM:0.0 node:0.0 node:12.7 
1791075391	66	7780.00	14.7	2.2	26.0	LM:0.0 LM:0.0 node:0.0 node:12.7 
1791075392	64	7780.00	16.0	2.2	26.1	LM:0.0 LM:0.0 node:0.0 node:12.7 
1791075393	64	7780.00	16.0	2.2	26.1	LM:0.0 LM:0.0 node:0.0 node:12.7 
1791075394	64	7780.00	16.0	2.2	26.2	LM:0.0 LM:0.0 node:0.0 node:12.7 
1791075396	64	7780.00	15.8	2.2	26.2	LM:0.0 LM:0.0 node:0.0 node:12.7 
1791075397	64	7780.00	16.0	2.2	26.3	LM:0.0 LM:0.0 node:0.0 node:12.7 
1791075398	89	7780.00	3.3	2.2	26.4	LM:0.0 LM:0.0 node:0.0 node:12.7 
1791075399	89	7780.00	3.3	2.2	26.4	LM:0.0 LM:0.0 node:0.0 node:12.7 
1791075400	87	7780.00	4.2	2.2	25.5	LM:0.0 LM:0.0 node:0.0 node:12.7 
1791075401	87	7780.00	4.1	2.2	27.6	LM:0.0 LM:0.0 node:0.0 
1791075402	87	7780.00	4.0	2.2	30.3	LM:0.0 LM:0.0 node:0.0 
1791075403	87	7780.00	4.0	2.2	32.9	LM:0.0 LM:0.0 node:0.0 
1791075404	87	7780.00	4.0	2.2	35.6	LM:0.0 LM:0.0 node:0.0 
1791075405	87	7780.00	4.0	2.2	38.3	LM:0.0 LM:0.0 node:0.0 
1791075406	87	7780.00	4.0	2.2	39.1	LM:0.0 LM:0.0 node:0.0 
1791075407	87	7780.00	4.1	2.2	38.9	LM:0.0 LM:0.0 node:0.0 llama-server:0.2 
1791075408	39	7780.00	28.2	2.2	14.8	LM:0.0 LM:0.0 node:0.0 llama-server:20.3 
1791075409	38	7780.00	29.1	2.2	13.9	LM:0.0 LM:0.0 node:0.0 llama-server:23.8 python:0.1 
1791075410	38	7780.00	29.1	2.2	11.3	LM:0.0 LM:0.0 node:0.0 llama-server:23.8 python:2.5 
1791075411	31	7780.00	32.5	2.2	9.8	LM:0.0 LM:0.0 node:0.0 llama-server:23.8 python:3.3 python:0.0 
1791075412	6	7834.00	42.5	4.9	1.3	LM:0.0 LM:0.0 node:0.0 llama-server:23.6 python:2.2 python:0.0 
1791075414	31	8405.19	29.7	5.0	1.4	LM:0.0 LM:0.0 node:0.0 llama-server:23.8 python:1.6 python:0.0 
1791075415	32	8381.12	29.1	5.0	1.5	LM:0.0 LM:0.0 node:0.0 llama-server:23.8 python:1.6 python:0.0 
1791075416	32	8381.12	29.1	5.0	1.5	LM:0.0 LM:0.0 node:0.0 llama-server:23.8 python:1.6 python:0.0 
1791075417	33	8373.12	29.0	5.0	1.5	LM:0.0 LM:0.0 node:0.0 llama-server:23.8 python:1.6 python:0.0 
1791075418	32	8373.12	29.1	4.9	1.5	LM:0.0 LM:0.0 node:0.0 llama-server:23.8 python:1.6 python:0.0 
1791075419	32	8365.12	29.1	4.9	1.6	LM:0.0 LM:0.0 node:0.0 llama-server:23.8 python:1.6 python:0.0 
1791075420	32	8365.12	29.2	4.8	1.7	LM:0.0 LM:0.0 node:0.0 llama-server:23.8 python:1.6 python:0.0 
1791075421	32	8365.12	29.2	4.8	1.7	LM:0.0 LM:0.0 node:0.0 llama-server:23.9 python:1.6 python:0.0 
1791075422	33	8357.12	29.2	4.8	1.7	LM:0.0 LM:0.0 node:0.0 llama-server:23.9 python:1.6 python:0.0 
1791075423	33	8357.12	29.1	4.8	1.7	LM:0.0 LM:0.0 node:0.0 llama-server:23.9 python:1.6 python:0.0 
1791075424	33	8357.12	29.1	4.8	1.7	LM:0.0 LM:0.0 node:0.0 llama-server:23.9 python:1.6 python:0.0 
1791075425	33	8357.12	29.1	4.8	1.7	LM:0.0 LM:0.0 node:0.0 llama-server:23.9 python:1.6 python:0.0 
1791075426	33	8357.12	29.1	4.7	1.7	LM:0.0 LM:0.0 node:0.0 llama-server:23.9 python:1.6 python:0.0 
1791075427	87	8357.12	3.3	2.9	18.5	LM:0.0 LM:0.0 node:0.0 node:0.2 
1791075428	87	8325.12	3.3	2.8	18.7	LM:0.0 LM:0.0 node:0.0 node:0.3 
1791075430	87	8325.12	3.3	2.8	18.8	LM:0.0 LM:0.0 node:0.0 node:0.5 
1791075431	87	8325.12	3.3	2.8	21.9	LM:0.0 LM:0.0 node:0.0 node:3.7 
1791075432	87	8325.12	3.3	2.8	26.1	LM:0.0 LM:0.0 node:0.0 node:7.8 
1791075433	88	8325.12	3.3	2.6	29.9	LM:0.0 LM:0.0 node:0.0 node:12.4 
1791075434	88	8325.12	3.4	2.6	29.1	LM:0.0 LM:0.0 node:0.0 node:12.7 
1791075435	76	8325.12	9.5	2.6	28.2	LM:0.0 LM:0.0 node:0.0 node:12.7 
1791075436	74	8325.12	10.1	2.6	28.2	LM:0.0 LM:0.0 node:0.0 node:12.7 
1791075437	73	8325.12	10.6	2.5	28.1	LM:0.0 LM:0.0 node:0.0 node:12.7 
1791075438	76	8325.12	9.3	2.5	28.0	LM:0.0 LM:0.0 node:0.0 node:12.7 
1791075439	74	8325.12	10.0	2.5	28.0	LM:0.0 LM:0.0 node:0.0 node:12.7 
1791075440	76	8325.12	9.6	2.5	28.0	LM:0.0 LM:0.0 node:0.0 node:12.7 
1791075441	75	8325.12	9.9	2.5	27.9	LM:0.0 LM:0.0 node:0.0 node:12.7 
1791075442	63	8325.12	15.7	2.5	27.9	LM:0.0 LM:0.0 node:0.0 node:12.7 
1791075443	63	8325.12	15.9	2.5	27.9	LM:0.0 LM:0.0 node:0.0 node:12.7 
1791075445	63	8325.12	15.9	2.5	27.9	LM:0.0 LM:0.0 node:0.0 node:12.7 
1791075446	63	8317.12	15.9	2.5	27.9	LM:0.0 LM:0.0 node:0.0 node:12.7 
1791075447	63	8317.12	15.9	2.4	27.9	LM:0.0 LM:0.0 node:0.0 node:12.7 
1791075448	88	8317.12	3.3	2.4	27.9	LM:0.0 LM:0.0 node:0.0 node:12.7 
1791075449	88	8317.12	3.3	2.3	27.9	LM:0.0 LM:0.0 node:0.0 node:12.7 
