1790647201	91	914.12
1790647206	89	914.12
1790647211	76	914.12
1790647216	72	914.12
1790647221	76	914.12
1790647226	88	914.12
1790647231	80	914.12
1790647236	65	914.12
1790647241	48	914.12
1790647246	61	914.12
1790647251	51	914.12
1790647256	88	914.12
1790647261	62	914.12
1790647266	51	914.12
1790647271	54	914.12
1790647276	75	914.12
1790647281	78	914.12
1790647286	75	914.12
1790647291	82	914.12
1790647296	82	914.12
1790647301	79	914.12
1790647306	82	914.12
1790647311	88	914.12
1790647316	89	914.12
1790647321	89	914.12
1790647326	88	914.12
1790647331	88	914.12
1790647336	89	914.12
1790647341	88	914.12
1790647346	88	914.12
1790647351	89	914.12
1790647356	88	914.12
1790647361	89	914.12
1790647366	89	914.12
1790647371	88	914.12
1790647376	88	914.12
1790647381	89	914.12
1790647386	88	914.12
1790647391	88	914.12
1790647396	89	914.12
1790647402	61	914.12
1790647407	51	914.12
1790647412	55	914.12
1790647417	81	914.12
1790647422	82	914.12
1790647427	62	914.12
1790647432	54	914.12
1790647437	90	914.12
1790647442	67	914.12
1790647447	59	914.12
1790647452	87	914.12
1790647457	59	914.12
1790647462	59	914.12
1790647467	46	914.12
1790647472	80	914.12
1790647477	79	914.12
1790647482	81	914.12
1790647487	87	914.12
1790647492	87	914.12
1790647497	86	914.12
1790647502	87	914.12
1790647507	87	914.12
1790647512	71	914.12
1790647517	59	914.12
1790647522	53	914.12
1790647527	74	914.12
1790647532	77	914.12
1790647537	74	914.12
1790647542	87	914.12
1790647547	87	914.12
1790647552	87	914.12
1790647557	87	914.12
1790647562	87	914.12
1790647567	87	914.12
1790647572	87	914.12
1790647577	87	914.12
1790647582	86	914.12
1790647587	60	914.12
1790647592	52	914.12
1790647597	74	914.12
1790647602	79	914.12
1790647607	86	914.12
1790647612	87	914.12
1790647617	87	914.12
1790647622	87	914.12
1790647627	87	914.12
1790647632	87	914.12
1790647637	59	914.12
1790647642	60	914.12
1790647647	82	914.12
1790647653	71	914.12
1790647658	87	914.12
1790647663	87	914.12
1790647668	86	914.12
1790647673	60	914.12
1790647678	52	914.12
1790647683	80	914.12
1790647688	87	914.12
1790647693	87	914.12
1790647698	87	914.12
1790647703	60	914.12
1790647708	52	914.12
1790647713	80	914.12
1790647718	82	914.12
1790647723	87	914.12
1790647728	87	914.12
1790647733	87	914.12
1790647738	87	914.12
1790647743	72	914.12
1790647748	59	914.12
1790647753	80	914.12
1790647758	80	914.12
1790647763	87	914.12
1790647768	87	914.12
1790647773	87	914.12
1790647778	64	914.12
1790647783	59	914.12
1790647788	65	914.12
1790647793	59	914.12
1790647798	87	914.12
1790647803	87	914.12
1790647808	59	914.12
1790647813	87	914.12
1790647818	88	914.12
1790647823	87	914.12
1790647828	50	914.12
1790647833	65	914.12
1790647838	82	914.12
1790647843	63	914.12
1790647848	87	914.12
1790647853	60	914.12
1790647858	60	914.12
1790647863	76	914.12
1790647868	79	914.12
1790647873	87	914.12
1790647878	87	914.12
1790647883	87	914.12
1790647889	87	914.12
1790647894	60	914.12
1790647899	87	914.12
1790647904	60	914.12
1790647909	60	914.12
1790647914	53	914.12
1790647919	74	914.12
1790647924	75	914.12
1790647929	87	914.12
1790647934	87	914.12
1790647939	87	914.12
1790647944	87	914.12
1790647949	88	914.12
1790647954	87	914.12
1790647959	72	914.12
1790647964	82	914.12
1790647969	88	914.12
1790647974	60	914.12
1790647979	49	914.12
1790647984	81	914.12
1790647989	87	914.12
1790647994	87	914.12
1790647999	60	914.12
1790648004	50	914.12
1790648009	68	914.12
1790648014	60	914.12
1790648019	80	914.12
1790648024	87	914.12
1790648029	87	914.12
1790648034	87	914.12
1790648039	87	914.12
1790648044	60	914.12
1790648049	59	914.12
1790648054	69	914.12
1790648059	53	914.12
1790648064	74	914.12
1790648069	75	914.12
1790648074	80	914.12
1790648079	87	914.12
1790648084	87	914.12
1790648089	87	914.12
1790648094	87	914.12
1790648099	87	914.12
1790648104	87	914.12
1790648109	87	914.12
1790648114	88	914.12
1790648119	53	914.12
1790648124	78	914.12
1790648129	87	914.12
